Timestamp,IP_Address,Username,Status
2026-06-18 18:32:22.048984,127.0.0.1,admin,FAILED
2026-06-18 18:32:22.051538,127.0.0.1,admin,FAILED
2026-06-18 18:32:22.052845,127.0.0.1,admin,FAILED
2026-06-18 18:32:22.054511,127.0.0.1,admin,FAILED
2026-06-18 18:32:22.056061,127.0.0.1,admin,FAILED
2026-06-18 18:32:22.057856,127.0.0.1,admin,FAILED
2026-06-18 18:32:22.060238,127.0.0.1,admin,FAILED
2026-06-18 18:32:22.063993,127.0.0.1,admin,FAILED
2026-06-18 18:32:22.065589,127.0.0.1,admin,FAILED
2026-06-18 18:32:22.066974,127.0.0.1,admin,FAILED
2026-06-18 18:32:22.068410,127.0.0.1,admin,FAILED
2026-06-18 18:32:22.070365,127.0.0.1,admin,FAILED
2026-06-18 18:32:22.074645,127.0.0.1,admin,FAILED
2026-06-18 18:32:22.076607,127.0.0.1,admin,FAILED
2026-06-18 18:32:22.078247,127.0.0.1,admin,FAILED
